time,theta0,theta1,theta2
0.001000,1.826477,-1.824977,1.321116
0.002000,1.829479,-1.826479,1.324114
0.003000,1.832482,-1.827982,1.327111
0.004000,1.835486,-1.829486,1.330107
0.005000,1.838492,-1.830991,1.333102
0.006000,1.841498,-1.832497,1.336096
0.007000,1.844505,-1.834005,1.339088
0.008000,1.847514,-1.835513,1.342079
0.009000,1.850524,-1.837022,1.345069
0.010000,1.853535,-1.838533,1.348058
0.011000,1.856546,-1.840044,1.351045
0.012000,1.859559,-1.841557,1.354031
0.013000,1.862573,-1.843070,1.357016
0.014000,1.865588,-1.844585,1.360000
0.015000,1.868604,-1.846100,1.362982
0.016000,1.871621,-1.847616,1.365963
0.017000,1.874639,-1.849134,1.368943
0.018000,1.877658,-1.850652,1.371921
0.019000,1.880679,-1.852171,1.374899
0.020000,1.883700,-1.853691,1.377874
0.021000,1.886722,-1.855212,1.380849
0.022000,1.889745,-1.856733,1.383822
0.023000,1.892769,-1.858256,1.386794
0.024000,1.895794,-1.859779,1.389764
0.025000,1.898820,-1.861303,1.392733
0.026000,1.901846,-1.862828,1.395700
0.027000,1.904874,-1.864354,1.398667
0.028000,1.907903,-1.865880,1.401631
0.029000,1.910933,-1.867408,1.404595
0.030000,1.913963,-1.868936,1.407557
0.031000,1.916994,-1.870464,1.410517
0.032000,1.920027,-1.871994,1.413476
0.033000,1.923060,-1.873524,1.416434
0.034000,1.926094,-1.875055,1.419390
0.035000,1.929129,-1.876586,1.422345
0.036000,1.932165,-1.878118,1.425298
0.037000,1.935201,-1.879651,1.428250
0.038000,1.938238,-1.881185,1.431200
0.039000,1.941277,-1.882719,1.434149
0.040000,1.944316,-1.884253,1.437096
0.041000,1.947356,-1.885788,1.440042
0.042000,1.950396,-1.887324,1.442986
0.043000,1.953438,-1.888860,1.445928
0.044000,1.956480,-1.890397,1.448870
0.045000,1.959523,-1.891934,1.451809
0.046000,1.962566,-1.893472,1.454747
0.047000,1.965611,-1.895011,1.457683
0.048000,1.968656,-1.896549,1.460618
0.049000,1.971702,-1.898089,1.463552
0.050000,1.974749,-1.899628,1.466483
0.051000,1.977796,-1.901169,1.469413
0.052000,1.980844,-1.902709,1.472342
0.053000,1.983893,-1.904250,1.475268
0.054000,1.986942,-1.905792,1.478193
0.055000,1.989993,-1.907333,1.481117
0.056000,1.993043,-1.908875,1.484039
0.057000,1.996095,-1.910418,1.486959
0.058000,1.999147,-1.911961,1.489877
0.059000,2.002200,-1.913504,1.492794
0.060000,2.005253,-1.915047,1.495709
0.061000,2.008307,-1.916591,1.498623
0.062000,2.011362,-1.918135,1.501534
0.063000,2.014417,-1.919679,1.504444
0.064000,2.017473,-1.921224,1.507353
0.065000,2.020529,-1.922769,1.510259
0.066000,2.023586,-1.924314,1.513164
0.067000,2.026644,-1.925859,1.516067
0.068000,2.029702,-1.927404,1.518968
0.069000,2.032761,-1.928950,1.521868
0.070000,2.035820,-1.930496,1.524766
0.071000,2.038880,-1.932042,1.527662
0.072000,2.041940,-1.933588,1.530556
0.073000,2.045001,-1.935134,1.533448
0.074000,2.048063,-1.936680,1.536339
0.075000,2.051124,-1.938226,1.539227
0.076000,2.054187,-1.939773,1.542114
0.077000,2.057250,-1.941319,1.544999
0.078000,2.060313,-1.942866,1.547883
0.079000,2.063377,-1.944413,1.550764
0.080000,2.066441,-1.945959,1.553644
0.081000,2.069506,-1.947506,1.556521
0.082000,2.072571,-1.949052,1.559397
0.083000,2.075636,-1.950599,1.562271
0.084000,2.078702,-1.952146,1.565143
0.085000,2.081769,-1.953692,1.568013
0.086000,2.084836,-1.955239,1.570881
0.087000,2.087903,-1.956785,1.573747
0.088000,2.090971,-1.958331,1.576611
0.089000,2.094039,-1.959878,1.579474
0.090000,2.097107,-1.961424,1.582334
0.091000,2.100176,-1.962970,1.585193
0.092000,2.103245,-1.964516,1.588049
0.093000,2.106314,-1.966061,1.590903
0.094000,2.109384,-1.967607,1.593756
0.095000,2.112454,-1.969152,1.596606
0.096000,2.115524,-1.970698,1.599455
0.097000,2.118595,-1.972243,1.602301
0.098000,2.121666,-1.973787,1.605146
0.099000,2.124738,-1.975332,1.607988
0.100000,2.127809,-1.976876,1.610829
0.101000,2.130881,-1.978420,1.613667
0.102000,2.133953,-1.979964,1.616504
0.103000,2.137026,-1.981507,1.619338
0.104000,2.140098,-1.983050,1.622170
0.105000,2.143171,-1.984593,1.625000
0.106000,2.146244,-1.986136,1.627828
0.107000,2.149318,-1.987678,1.630654
0.108000,2.152391,-1.989220,1.633478
0.109000,2.155465,-1.990761,1.636300
0.110000,2.158539,-1.992302,1.639119
0.111000,2.161614,-1.993843,1.641937
0.112000,2.164688,-1.995383,1.644752
0.113000,2.167762,-1.996923,1.647565
0.114000,2.170837,-1.998462,1.650376
0.115000,2.173912,-2.000001,1.653185
0.116000,2.176987,-2.001540,1.655992
0.117000,2.180062,-2.003078,1.658797
0.118000,2.183138,-2.004615,1.661599
0.119000,2.186213,-2.006152,1.664399
0.120000,2.189289,-2.007689,1.667197
0.121000,2.192364,-2.009225,1.669993
0.122000,2.195440,-2.010760,1.672786
0.123000,2.198516,-2.012295,1.675578
0.124000,2.201592,-2.013829,1.678367
0.125000,2.204668,-2.015363,1.681154
0.126000,2.207744,-2.016896,1.683938
0.127000,2.210820,-2.018429,1.686721
0.128000,2.213896,-2.019961,1.689501
0.129000,2.216973,-2.021492,1.692278
0.130000,2.220049,-2.023023,1.695054
0.131000,2.223125,-2.024553,1.697827
0.132000,2.226201,-2.026082,1.700598
0.133000,2.229278,-2.027611,1.703367
0.134000,2.232354,-2.029139,1.706133
0.135000,2.235430,-2.030666,1.708897
0.136000,2.238507,-2.032192,1.711659
0.137000,2.241583,-2.033718,1.714418
0.138000,2.244659,-2.035243,1.717175
0.139000,2.247735,-2.036768,1.719930
0.140000,2.250812,-2.038291,1.722682
0.141000,2.253888,-2.039814,1.725432
0.142000,2.256964,-2.041336,1.728180
0.143000,2.260040,-2.042857,1.730925
0.144000,2.263115,-2.044377,1.733668
0.145000,2.266191,-2.045897,1.736408
0.146000,2.269267,-2.047415,1.739146
0.147000,2.272342,-2.048933,1.741881
0.148000,2.275418,-2.050450,1.744615
0.149000,2.278493,-2.051966,1.747345
0.150000,2.281568,-2.053481,1.750074
0.151000,2.284643,-2.054996,1.752799
0.152000,2.287718,-2.056509,1.755523
0.153000,2.290793,-2.058021,1.758244
0.154000,2.293868,-2.059533,1.760962
0.155000,2.296942,-2.061044,1.763678
0.156000,2.300016,-2.062553,1.766392
0.157000,2.303090,-2.064062,1.769103
0.158000,2.306164,-2.065569,1.771811
0.159000,2.309238,-2.067076,1.774517
0.160000,2.312311,-2.068581,1.777220
0.161000,2.315385,-2.070086,1.779921
0.162000,2.318458,-2.071590,1.782620
0.163000,2.321530,-2.073092,1.785316
0.164000,2.324603,-2.074593,1.788009
0.165000,2.327675,-2.076094,1.790700
0.166000,2.330747,-2.077593,1.793388
0.167000,2.333819,-2.079091,1.796074
0.168000,2.336890,-2.080588,1.798757
0.169000,2.339961,-2.082084,1.801438
0.170000,2.343032,-2.083579,1.804116
0.171000,2.346103,-2.085073,1.806791
0.172000,2.349173,-2.086565,1.809464
0.173000,2.352243,-2.088057,1.812134
0.174000,2.355312,-2.089547,1.814801
0.175000,2.358382,-2.091036,1.817466
0.176000,2.361451,-2.092524,1.820129
0.177000,2.364519,-2.094010,1.822788
0.178000,2.367587,-2.095496,1.825445
0.179000,2.370655,-2.096980,1.828100
0.180000,2.373723,-2.098463,1.830752
0.181000,2.376790,-2.099945,1.833401
0.182000,2.379857,-2.101425,1.836047
0.183000,2.382923,-2.102904,1.838691
0.184000,2.385989,-2.104382,1.841332
0.185000,2.389054,-2.105858,1.843970
0.186000,2.392119,-2.107334,1.846606
0.187000,2.395184,-2.108808,1.849239
0.188000,2.398248,-2.110280,1.851869
0.189000,2.401312,-2.111751,1.854497
0.190000,2.404375,-2.113221,1.857121
0.191000,2.407438,-2.114690,1.859744
0.192000,2.410501,-2.116157,1.862363
0.193000,2.413563,-2.117623,1.864980
0.194000,2.416624,-2.119087,1.867593
0.195000,2.419685,-2.120550,1.870204
0.196000,2.422746,-2.122012,1.872813
0.197000,2.425805,-2.123472,1.875418
0.198000,2.428865,-2.124931,1.878021
0.199000,2.431924,-2.126388,1.880621
0.200000,2.434982,-2.127844,1.883218
0.201000,2.438040,-2.129298,1.885813
0.202000,2.441097,-2.130751,1.888404
0.203000,2.444154,-2.132202,1.890993
0.204000,2.447210,-2.133652,1.893579
0.205000,2.450266,-2.135100,1.896163
0.206000,2.453321,-2.136547,1.898743
0.207000,2.456376,-2.137993,1.901320
0.208000,2.459429,-2.139436,1.903895
0.209000,2.462483,-2.140879,1.906467
0.210000,2.465535,-2.142319,1.909036
0.211000,2.468587,-2.143758,1.911602
0.212000,2.471639,-2.145196,1.914165
0.213000,2.474690,-2.146632,1.916726
0.214000,2.477740,-2.148066,1.919283
0.215000,2.480789,-2.149499,1.921838
0.216000,2.483838,-2.150930,1.924390
0.217000,2.486887,-2.152359,1.926939
0.218000,2.489934,-2.153787,1.929485
0.219000,2.492981,-2.155213,1.932028
0.220000,2.496027,-2.156638,1.934568
0.221000,2.499073,-2.158061,1.937105
0.222000,2.502118,-2.159482,1.939640
0.223000,2.505162,-2.160901,1.942171
0.224000,2.508205,-2.162319,1.944699
0.225000,2.511248,-2.163735,1.947225
0.226000,2.514290,-2.165150,1.949748
0.227000,2.517331,-2.166562,1.952267
0.228000,2.520371,-2.167973,1.954784
0.229000,2.523411,-2.169383,1.957298
0.230000,2.526450,-2.170790,1.959808
0.231000,2.529488,-2.172196,1.962316
0.232000,2.532526,-2.173600,1.964821
0.233000,2.535563,-2.175002,1.967323
0.234000,2.538598,-2.176402,1.969822
0.235000,2.541634,-2.177801,1.972317
0.236000,2.544668,-2.179197,1.974810
0.237000,2.547701,-2.180592,1.977300
0.238000,2.550734,-2.181985,1.979787
0.239000,2.553766,-2.183377,1.982271
0.240000,2.556797,-2.184766,1.984752
0.241000,2.559827,-2.186154,1.987229
0.242000,2.562856,-2.187540,1.989704
0.243000,2.565885,-2.188923,1.992176
0.244000,2.568912,-2.190305,1.994645
0.245000,2.571939,-2.191686,1.997110
0.246000,2.574965,-2.193064,1.999573
0.247000,2.577990,-2.194440,2.002032
0.248000,2.581014,-2.195815,2.004489
0.249000,2.584037,-2.197187,2.006942
0.250000,2.587060,-2.198558,2.009392
0.251000,2.590081,-2.199926,2.011840
0.252000,2.593102,-2.201293,2.014284
0.253000,2.596121,-2.202658,2.016725
0.254000,2.599140,-2.204021,2.019163
0.255000,2.602157,-2.205382,2.021598
0.256000,2.605174,-2.206740,2.024030
0.257000,2.608190,-2.208097,2.026458
0.258000,2.611205,-2.209452,2.028884
0.259000,2.614219,-2.210805,2.031306
0.260000,2.617231,-2.212156,2.033726
0.261000,2.620243,-2.213505,2.036142
0.262000,2.623254,-2.214852,2.038555
0.263000,2.626264,-2.216197,2.040965
0.264000,2.629273,-2.217540,2.043372
0.265000,2.632281,-2.218880,2.045776
0.266000,2.635288,-2.220219,2.048176
0.267000,2.638294,-2.221556,2.050574
0.268000,2.641298,-2.222890,2.052968
0.269000,2.644302,-2.224223,2.055359
0.270000,2.647305,-2.225554,2.057747
0.271000,2.650306,-2.226882,2.060132
0.272000,2.653307,-2.228208,2.062514
0.273000,2.656307,-2.229532,2.064892
0.274000,2.659305,-2.230854,2.067267
0.275000,2.662302,-2.232174,2.069639
0.276000,2.665299,-2.233492,2.072008
0.277000,2.668294,-2.234808,2.074374
0.278000,2.671288,-2.236122,2.076737
0.279000,2.674281,-2.237433,2.079096
0.280000,2.677273,-2.238742,2.081452
0.281000,2.680263,-2.240050,2.083805
0.282000,2.683253,-2.241355,2.086155
0.283000,2.686241,-2.242657,2.088501
0.284000,2.689229,-2.243958,2.090845
0.285000,2.692215,-2.245256,2.093185
0.286000,2.695200,-2.246553,2.095522
0.287000,2.698183,-2.247847,2.097855
0.288000,2.701166,-2.249139,2.100186
0.289000,2.704147,-2.250428,2.102513
0.290000,2.707128,-2.251716,2.104837
0.291000,2.710107,-2.253001,2.107158
0.292000,2.713085,-2.254284,2.109475
0.293000,2.716061,-2.255565,2.111789
0.294000,2.719037,-2.256843,2.114100
0.295000,2.722011,-2.258120,2.116408
0.296000,2.724984,-2.259394,2.118713
0.297000,2.727956,-2.260666,2.121014
0.298000,2.730926,-2.261935,2.123312
0.299000,2.733895,-2.263202,2.125606
0.300000,2.736863,-2.264467,2.127898
0.301000,2.739830,-2.265730,2.130186
0.302000,2.742795,-2.266990,2.132471
0.303000,2.745759,-2.268249,2.134753
0.304000,2.748722,-2.269504,2.137031
0.305000,2.751684,-2.270758,2.139306
0.306000,2.754644,-2.272009,2.141578
0.307000,2.757603,-2.273258,2.143846
0.308000,2.760561,-2.274505,2.146112
0.309000,2.763517,-2.275749,2.148373
0.310000,2.766472,-2.276991,2.150632
0.311000,2.769426,-2.278231,2.152887
0.312000,2.772378,-2.279468,2.155139
0.313000,2.775329,-2.280703,2.157388
0.314000,2.778279,-2.281935,2.159633
0.315000,2.781227,-2.283166,2.161876
0.316000,2.784174,-2.284394,2.164114
0.317000,2.787119,-2.285619,2.166350
0.318000,2.790063,-2.286842,2.168582
0.319000,2.793006,-2.288063,2.170811
0.320000,2.795947,-2.289281,2.173036
0.321000,2.798887,-2.290497,2.175259
0.322000,2.801826,-2.291711,2.177478
0.323000,2.804763,-2.292922,2.179693
0.324000,2.807699,-2.294131,2.181905
0.325000,2.810633,-2.295337,2.184114
0.326000,2.813566,-2.296541,2.186320
0.327000,2.816497,-2.297743,2.188522
0.328000,2.819427,-2.298942,2.190721
0.329000,2.822356,-2.300139,2.192917
0.330000,2.825283,-2.301333,2.195109
0.331000,2.828208,-2.302525,2.197298
0.332000,2.831132,-2.303715,2.199483
0.333000,2.834055,-2.304902,2.201665
0.334000,2.836976,-2.306087,2.203844
0.335000,2.839895,-2.307269,2.206020
0.336000,2.842814,-2.308448,2.208192
0.337000,2.845730,-2.309626,2.210361
0.338000,2.848645,-2.310801,2.212526
0.339000,2.851559,-2.311973,2.214688
0.340000,2.854471,-2.313143,2.216847
0.341000,2.857381,-2.314310,2.219002
0.342000,2.860290,-2.315475,2.221154
0.343000,2.863198,-2.316638,2.223303
0.344000,2.866103,-2.317798,2.225448
0.345000,2.869008,-2.318955,2.227590
0.346000,2.871910,-2.320110,2.229729
0.347000,2.874811,-2.321263,2.231864
0.348000,2.877711,-2.322413,2.233996
0.349000,2.880609,-2.323561,2.236125
0.350000,2.883505,-2.324706,2.238250
0.351000,2.886400,-2.325848,2.240371
0.352000,2.889293,-2.326988,2.242490
0.353000,2.892185,-2.328126,2.244605
0.354000,2.895075,-2.329261,2.246716
0.355000,2.897963,-2.330393,2.248825
0.356000,2.900850,-2.331523,2.250930
0.357000,2.903735,-2.332651,2.253031
0.358000,2.906618,-2.333776,2.255129
0.359000,2.909500,-2.334898,2.257224
0.360000,2.912380,-2.336018,2.259315
0.361000,2.915258,-2.337136,2.261403
0.362000,2.918135,-2.338251,2.263488
0.363000,2.921010,-2.339363,2.265569
0.364000,2.923883,-2.340473,2.267647
0.365000,2.926755,-2.341580,2.269722
0.366000,2.929625,-2.342685,2.271793
0.367000,2.932493,-2.343787,2.273861
0.368000,2.935360,-2.344887,2.275925
0.369000,2.938224,-2.345984,2.277986
0.370000,2.941087,-2.347078,2.280043
0.371000,2.943949,-2.348170,2.282098
0.372000,2.946808,-2.349260,2.284149
0.373000,2.949666,-2.350347,2.286196
0.374000,2.952523,-2.351431,2.288240
0.375000,2.955377,-2.352513,2.290281
0.376000,2.958230,-2.353592,2.292318
0.377000,2.961080,-2.354668,2.294352
0.378000,2.963929,-2.355742,2.296383
0.379000,2.966777,-2.356814,2.298410
0.380000,2.969622,-2.357883,2.300434
0.381000,2.972466,-2.358949,2.302454
0.382000,2.975308,-2.360013,2.304471
0.383000,2.978148,-2.361074,2.306485
0.384000,2.980986,-2.362133,2.308495
0.385000,2.983823,-2.363189,2.310502
0.386000,2.986658,-2.364242,2.312505
0.387000,2.989490,-2.365293,2.314505
0.388000,2.992321,-2.366341,2.316502
0.389000,2.995151,-2.367387,2.318495
0.390000,2.997978,-2.368430,2.320485
0.391000,3.000803,-2.369471,2.322472
0.392000,3.003627,-2.370509,2.324455
0.393000,3.006449,-2.371544,2.326435
0.394000,3.009269,-2.372577,2.328412
0.395000,3.012087,-2.373607,2.330385
0.396000,3.014903,-2.374635,2.332354
0.397000,3.017717,-2.375660,2.334321
0.398000,3.020529,-2.376682,2.336284
0.399000,3.023340,-2.377702,2.338243
0.400000,3.026148,-2.378719,2.340199
0.401000,3.028955,-2.379734,2.342152
0.402000,3.031759,-2.380746,2.344102
0.403000,3.034562,-2.381755,2.346048
0.404000,3.037363,-2.382762,2.347991
0.405000,3.040162,-2.383766,2.349930
0.406000,3.042959,-2.384768,2.351866
0.407000,3.045754,-2.385767,2.353799
0.408000,3.048547,-2.386763,2.355728
0.409000,3.051338,-2.387757,2.357654
0.410000,3.054127,-2.388748,2.359577
0.411000,3.056914,-2.389737,2.361496
0.412000,3.059699,-2.390723,2.363412
0.413000,3.062482,-2.391706,2.365324
0.414000,3.065263,-2.392687,2.367233
0.415000,3.068043,-2.393665,2.369139
0.416000,3.070820,-2.394641,2.371041
0.417000,3.073595,-2.395614,2.372940
0.418000,3.076368,-2.396585,2.374836
0.419000,3.079139,-2.397552,2.376729
0.420000,3.081908,-2.398518,2.378618
0.421000,3.084675,-2.399480,2.380503
0.422000,3.087440,-2.400440,2.382386
0.423000,3.090203,-2.401398,2.384265
0.424000,3.092964,-2.402353,2.386140
0.425000,3.095723,-2.403305,2.388013
0.426000,3.098480,-2.404254,2.389881
0.427000,3.101235,-2.405201,2.391747
0.428000,3.103987,-2.406146,2.393609
0.429000,3.106738,-2.407088,2.395468
0.430000,3.109486,-2.408027,2.397324
0.431000,3.112233,-2.408964,2.399176
0.432000,3.114977,-2.409898,2.401025
0.433000,3.117719,-2.410829,2.402871
0.434000,3.120460,-2.411758,2.404713
0.435000,3.123198,-2.412684,2.406552
0.436000,3.125933,-2.413608,2.408388
0.437000,3.128667,-2.414529,2.410220
0.438000,3.131399,-2.415447,2.412049
0.439000,3.134128,-2.416363,2.413875
0.440000,3.136856,-2.417277,2.415698
0.441000,3.139581,-2.418187,2.417517
0.442000,3.142304,-2.419095,2.419333
0.443000,3.145025,-2.420001,2.421145
0.444000,3.147744,-2.420904,2.422954
0.445000,3.150460,-2.421804,2.424760
0.446000,3.153175,-2.422702,2.426563
0.447000,3.155887,-2.423597,2.428362
0.448000,3.158597,-2.424490,2.430158
0.449000,3.161305,-2.425380,2.431951
0.450000,3.164011,-2.426268,2.433741
0.451000,3.166714,-2.427153,2.435527
0.452000,3.169415,-2.428035,2.437310
0.453000,3.172115,-2.428915,2.439089
0.454000,3.174811,-2.429792,2.440866
0.455000,3.177506,-2.430666,2.442639
0.456000,3.180198,-2.431539,2.444409
0.457000,3.182889,-2.432408,2.446175
0.458000,3.185577,-2.433275,2.447938
0.459000,3.188262,-2.434139,2.449698
0.460000,3.190946,-2.435001,2.451455
0.461000,3.193627,-2.435860,2.453209
0.462000,3.196306,-2.436717,2.454959
0.463000,3.198983,-2.437571,2.456706
0.464000,3.201657,-2.438423,2.458450
0.465000,3.204329,-2.439272,2.460190
0.466000,3.206999,-2.440118,2.461927
0.467000,3.209667,-2.440962,2.463661
0.468000,3.212332,-2.441804,2.465392
0.469000,3.214995,-2.442643,2.467120
0.470000,3.217656,-2.443479,2.468844
0.471000,3.220314,-2.444313,2.470565
0.472000,3.222970,-2.445144,2.472283
0.473000,3.225624,-2.445973,2.473998
0.474000,3.228276,-2.446799,2.475709
0.475000,3.230925,-2.447622,2.477417
0.476000,3.233572,-2.448443,2.479122
0.477000,3.236216,-2.449262,2.480824
0.478000,3.238858,-2.450078,2.482523
0.479000,3.241498,-2.450892,2.484218
0.480000,3.244136,-2.451703,2.485910
0.481000,3.246771,-2.452511,2.487599
0.482000,3.249403,-2.453317,2.489285
0.483000,3.252034,-2.454121,2.490968
0.484000,3.254662,-2.454922,2.492647
0.485000,3.257288,-2.455720,2.494323
0.486000,3.259911,-2.456516,2.495996
0.487000,3.262532,-2.457310,2.497666
0.488000,3.265150,-2.458100,2.499333
0.489000,3.267766,-2.458889,2.500997
0.490000,3.270380,-2.459675,2.502657
0.491000,3.272992,-2.460458,2.504314
0.492000,3.275601,-2.461239,2.505968
0.493000,3.278207,-2.462018,2.507619
0.494000,3.280811,-2.462794,2.509267
0.495000,3.283413,-2.463568,2.510912
0.496000,3.286012,-2.464339,2.512553
0.497000,3.288609,-2.465107,2.514191
0.498000,3.291204,-2.465873,2.515827
0.499000,3.293796,-2.466637,2.517459
0.500000,3.296385,-2.467398,2.519088
0.501000,3.298972,-2.468157,2.520713
0.502000,3.301557,-2.468913,2.522336
0.503000,3.304139,-2.469667,2.523956
0.504000,3.306719,-2.470419,2.525572
0.505000,3.309296,-2.471168,2.527186
0.506000,3.311871,-2.471914,2.528796
0.507000,3.314443,-2.472658,2.530403
0.508000,3.317013,-2.473400,2.532007
0.509000,3.319581,-2.474139,2.533608
0.510000,3.322146,-2.474876,2.535206
0.511000,3.324708,-2.475610,2.536801
0.512000,3.327268,-2.476342,2.538392
0.513000,3.329825,-2.477072,2.539981
0.514000,3.332380,-2.477799,2.541567
0.515000,3.334933,-2.478523,2.543149
0.516000,3.337483,-2.479246,2.544729
0.517000,3.340030,-2.479966,2.546305
0.518000,3.342575,-2.480683,2.547878
0.519000,3.345117,-2.481398,2.549449
0.520000,3.347657,-2.482111,2.551016
0.521000,3.350194,-2.482821,2.552580
0.522000,3.352729,-2.483529,2.554141
0.523000,3.355262,-2.484234,2.555699
0.524000,3.357791,-2.484938,2.557254
0.525000,3.360318,-2.485638,2.558806
0.526000,3.362843,-2.486337,2.560355
0.527000,3.365365,-2.487033,2.561901
0.528000,3.367885,-2.487726,2.563444
0.529000,3.370401,-2.488418,2.564984
0.530000,3.372916,-2.489106,2.566521
0.531000,3.375428,-2.489793,2.568055
0.532000,3.377937,-2.490477,2.569586
0.533000,3.380443,-2.491159,2.571114
0.534000,3.382948,-2.491839,2.572639
0.535000,3.385449,-2.492516,2.574161
0.536000,3.387948,-2.493191,2.575680
0.537000,3.390444,-2.493863,2.577196
0.538000,3.392938,-2.494533,2.578709
0.539000,3.395429,-2.495201,2.580219
0.540000,3.397917,-2.495867,2.581726
0.541000,3.400403,-2.496530,2.583231
0.542000,3.402887,-2.497191,2.584732
0.543000,3.405367,-2.497849,2.586230
0.544000,3.407845,-2.498506,2.587725
0.545000,3.410321,-2.499160,2.589218
0.546000,3.412794,-2.499811,2.590707
0.547000,3.415264,-2.500461,2.592194
0.548000,3.417731,-2.501108,2.593677
0.549000,3.420196,-2.501753,2.595158
0.550000,3.422658,-2.502395,2.596636
0.551000,3.425118,-2.503036,2.598111
0.552000,3.427575,-2.503674,2.599582
0.553000,3.430029,-2.504309,2.601051
0.554000,3.432481,-2.504943,2.602518
0.555000,3.434930,-2.505574,2.603981
0.556000,3.437376,-2.506203,2.605441
0.557000,3.439820,-2.506830,2.606899
0.558000,3.442261,-2.507454,2.608353
0.559000,3.444699,-2.508076,2.609805
0.560000,3.447135,-2.508696,2.611254
0.561000,3.449568,-2.509314,2.612700
0.562000,3.451998,-2.509930,2.614143
0.563000,3.454426,-2.510543,2.615583
0.564000,3.456851,-2.511154,2.617020
0.565000,3.459273,-2.511763,2.618455
0.566000,3.461693,-2.512370,2.619887
0.567000,3.464109,-2.512974,2.621315
0.568000,3.466524,-2.513577,2.622741
0.569000,3.468935,-2.514177,2.624165
0.570000,3.471344,-2.514775,2.625585
0.571000,3.473750,-2.515370,2.627003
0.572000,3.476153,-2.515964,2.628417
0.573000,3.478554,-2.516555,2.629829
0.574000,3.480952,-2.517144,2.631238
0.575000,3.483347,-2.517731,2.632645
0.576000,3.485739,-2.518316,2.634048
0.577000,3.488129,-2.518899,2.635449
0.578000,3.490516,-2.519479,2.636847
0.579000,3.492900,-2.520058,2.638242
0.580000,3.495282,-2.520634,2.639634
0.581000,3.497661,-2.521208,2.641024
0.582000,3.500037,-2.521780,2.642411
0.583000,3.502410,-2.522350,2.643795
0.584000,3.504781,-2.522917,2.645176
0.585000,3.507148,-2.523483,2.646555
0.586000,3.509513,-2.524046,2.647930
0.587000,3.511876,-2.524608,2.649303
0.588000,3.514235,-2.525167,2.650674
0.589000,3.516592,-2.525724,2.652041
0.590000,3.518946,-2.526279,2.653406
0.591000,3.521297,-2.526832,2.654768
0.592000,3.523646,-2.527383,2.656128
0.593000,3.525992,-2.527931,2.657484
0.594000,3.528335,-2.528478,2.658838
0.595000,3.530675,-2.529023,2.660190
0.596000,3.533012,-2.529565,2.661538
0.597000,3.535347,-2.530106,2.662884
0.598000,3.537679,-2.530644,2.664227
0.599000,3.540008,-2.531180,2.665568
0.600000,3.542334,-2.531715,2.666906
0.601000,3.544657,-2.532247,2.668241
0.602000,3.546978,-2.532777,2.669573
0.603000,3.549296,-2.533305,2.670903
0.604000,3.551611,-2.533831,2.672230
0.605000,3.553923,-2.534355,2.673555
0.606000,3.556233,-2.534877,2.674877
0.607000,3.558539,-2.535398,2.676196
0.608000,3.560843,-2.535916,2.677512
0.609000,3.563144,-2.536432,2.678826
0.610000,3.565443,-2.536946,2.680138
0.611000,3.567738,-2.537458,2.681446
0.612000,3.570031,-2.537968,2.682752
0.613000,3.572320,-2.538476,2.684056
0.614000,3.574607,-2.538982,2.685356
0.615000,3.576892,-2.539486,2.686655
0.616000,3.579173,-2.539988,2.687950
0.617000,3.581451,-2.540488,2.689243
0.618000,3.583727,-2.540986,2.690534
0.619000,3.586000,-2.541482,2.691821
0.620000,3.588270,-2.541977,2.693107
0.621000,3.590537,-2.542469,2.694389
0.622000,3.592802,-2.542959,2.695669
0.623000,3.595063,-2.543448,2.696947
0.624000,3.597322,-2.543934,2.698222
0.625000,3.599578,-2.544419,2.699494
0.626000,3.601831,-2.544901,2.700764
0.627000,3.604081,-2.545382,2.702031
0.628000,3.606328,-2.545861,2.703296
0.629000,3.608573,-2.546337,2.704558
0.630000,3.610814,-2.546812,2.705818
0.631000,3.613053,-2.547285,2.707075
0.632000,3.615289,-2.547757,2.708330
0.633000,3.617522,-2.548226,2.709582
0.634000,3.619752,-2.548693,2.710831
0.635000,3.621979,-2.549159,2.712079
0.636000,3.624204,-2.549622,2.713323
0.637000,3.626425,-2.550084,2.714565
0.638000,3.628644,-2.550544,2.715805
0.639000,3.630860,-2.551002,2.717042
0.640000,3.633073,-2.551458,2.718276
0.641000,3.635283,-2.551912,2.719509
0.642000,3.637490,-2.552365,2.720738
0.643000,3.639695,-2.552816,2.721965
0.644000,3.641896,-2.553264,2.723190
0.645000,3.644095,-2.553711,2.724412
0.646000,3.646291,-2.554156,2.725632
0.647000,3.648484,-2.554600,2.726849
0.648000,3.650674,-2.555041,2.728064
0.649000,3.652861,-2.555481,2.729277
0.650000,3.655045,-2.555919,2.730487
0.651000,3.657226,-2.556355,2.731694
0.652000,3.659405,-2.556789,2.732899
0.653000,3.661581,-2.557221,2.734102
0.654000,3.663753,-2.557652,2.735302
0.655000,3.665923,-2.558081,2.736500
0.656000,3.668090,-2.558508,2.737696
0.657000,3.670254,-2.558933,2.738889
0.658000,3.672415,-2.559357,2.740080
0.659000,3.674574,-2.559779,2.741268
0.660000,3.676729,-2.560199,2.742454
0.661000,3.678881,-2.560617,2.743637
0.662000,3.681031,-2.561034,2.744819
0.663000,3.683178,-2.561449,2.745997
0.664000,3.685321,-2.561862,2.747174
0.665000,3.687462,-2.562273,2.748348
0.666000,3.689600,-2.562683,2.749519
0.667000,3.691735,-2.563090,2.750689
0.668000,3.693868,-2.563497,2.751856
0.669000,3.695997,-2.563901,2.753020
0.670000,3.698123,-2.564304,2.754183
0.671000,3.700247,-2.564705,2.755342
0.672000,3.702367,-2.565104,2.756500
0.673000,3.704485,-2.565502,2.757655
0.674000,3.706600,-2.565898,2.758808
0.675000,3.708711,-2.566292,2.759959
0.676000,3.710820,-2.566685,2.761107
0.677000,3.712926,-2.567075,2.762253
0.678000,3.715029,-2.567465,2.763397
0.679000,3.717130,-2.567852,2.764538
0.680000,3.719227,-2.568238,2.765678
0.681000,3.721321,-2.568622,2.766814
0.682000,3.723413,-2.569005,2.767949
0.683000,3.725501,-2.569386,2.769081
0.684000,3.727587,-2.569765,2.770211
0.685000,3.729670,-2.570143,2.771339
0.686000,3.731749,-2.570519,2.772464
0.687000,3.733826,-2.570893,2.773588
0.688000,3.735900,-2.571266,2.774709
0.689000,3.737971,-2.571637,2.775827
0.690000,3.740039,-2.572007,2.776944
0.691000,3.742104,-2.572375,2.778058
0.692000,3.744167,-2.572741,2.779170
0.693000,3.746226,-2.573106,2.780280
0.694000,3.748282,-2.573469,2.781387
0.695000,3.750336,-2.573831,2.782492
0.696000,3.752387,-2.574191,2.783595
0.697000,3.754434,-2.574549,2.784696
0.698000,3.756479,-2.574906,2.785795
0.699000,3.758521,-2.575261,2.786891
0.700000,3.760560,-2.575615,2.787985
0.701000,3.762596,-2.575967,2.789077
0.702000,3.764629,-2.576318,2.790167
0.703000,3.766659,-2.576667,2.791255
0.704000,3.768686,-2.577015,2.792340
0.705000,3.770710,-2.577361,2.793424
0.706000,3.772731,-2.577705,2.794505
0.707000,3.774750,-2.578048,2.795584
0.708000,3.776765,-2.578389,2.796660
0.709000,3.778778,-2.578729,2.797735
0.710000,3.780788,-2.579068,2.798807
0.711000,3.782794,-2.579404,2.799878
0.712000,3.784798,-2.579740,2.800946
0.713000,3.786799,-2.580074,2.802012
0.714000,3.788797,-2.580406,2.803076
0.715000,3.790792,-2.580737,2.804138
0.716000,3.792784,-2.581066,2.805197
0.717000,3.794773,-2.581394,2.806255
0.718000,3.796759,-2.581720,2.807310
0.719000,3.798742,-2.582045,2.808363
0.720000,3.800723,-2.582369,2.809414
0.721000,3.802700,-2.582691,2.810463
0.722000,3.804675,-2.583011,2.811510
0.723000,3.806646,-2.583330,2.812555
0.724000,3.808615,-2.583648,2.813598
0.725000,3.810580,-2.583964,2.814638
0.726000,3.812543,-2.584279,2.815677
0.727000,3.814503,-2.584592,2.816713
0.728000,3.816460,-2.584904,2.817748
0.729000,3.818414,-2.585215,2.818780
0.730000,3.820365,-2.585524,2.819810
0.731000,3.822313,-2.585831,2.820838
0.732000,3.824258,-2.586137,2.821864
0.733000,3.826200,-2.586442,2.822888
0.734000,3.828140,-2.586746,2.823910
0.735000,3.830076,-2.587048,2.824930
0.736000,3.832010,-2.587348,2.825948
0.737000,3.833940,-2.587647,2.826964
0.738000,3.835868,-2.587945,2.827978
0.739000,3.837793,-2.588242,2.828990
0.740000,3.839714,-2.588537,2.830000
0.741000,3.841633,-2.588830,2.831007
0.742000,3.843549,-2.589123,2.832013
0.743000,3.845462,-2.589414,2.833017
0.744000,3.847372,-2.589703,2.834018
0.745000,3.849279,-2.589991,2.835018
0.746000,3.851184,-2.590278,2.836016
0.747000,3.853085,-2.590564,2.837012
0.748000,3.854983,-2.590848,2.838005
0.749000,3.856879,-2.591131,2.838997
0.750000,3.858771,-2.591412,2.839987
0.751000,3.860661,-2.591693,2.840974
0.752000,3.862547,-2.591972,2.841960
0.753000,3.864431,-2.592249,2.842944
0.754000,3.866312,-2.592525,2.843926
0.755000,3.868190,-2.592800,2.844906
0.756000,3.870065,-2.593074,2.845883
0.757000,3.871937,-2.593346,2.846859
0.758000,3.873806,-2.593617,2.847833
0.759000,3.875672,-2.593887,2.848805
0.760000,3.877536,-2.594156,2.849775
0.761000,3.879396,-2.594423,2.850744
0.762000,3.881254,-2.594689,2.851710
0.763000,3.883108,-2.594953,2.852674
0.764000,3.884960,-2.595217,2.853636
0.765000,3.886809,-2.595479,2.854597
0.766000,3.888654,-2.595740,2.855555
0.767000,3.890497,-2.595999,2.856512
0.768000,3.892337,-2.596258,2.857467
0.769000,3.894174,-2.596515,2.858419
0.770000,3.896009,-2.596770,2.859370
0.771000,3.897840,-2.597025,2.860319
0.772000,3.899668,-2.597278,2.861266
0.773000,3.901494,-2.597531,2.862211
0.774000,3.903316,-2.597781,2.863155
0.775000,3.905136,-2.598031,2.864096
0.776000,3.906953,-2.598280,2.865035
0.777000,3.908766,-2.598527,2.865973
0.778000,3.910577,-2.598773,2.866909
0.779000,3.912385,-2.599018,2.867843
0.780000,3.914190,-2.599261,2.868775
0.781000,3.915993,-2.599504,2.869705
0.782000,3.917792,-2.599745,2.870633
0.783000,3.919588,-2.599985,2.871559
0.784000,3.921382,-2.600224,2.872484
0.785000,3.923172,-2.600462,2.873407
0.786000,3.924960,-2.600698,2.874328
0.787000,3.926745,-2.600933,2.875247
0.788000,3.928527,-2.601168,2.876164
0.789000,3.930306,-2.601401,2.877079
0.790000,3.932082,-2.601632,2.877993
0.791000,3.933855,-2.601863,2.878904
0.792000,3.935626,-2.602093,2.879814
0.793000,3.937393,-2.602321,2.880722
0.794000,3.939158,-2.602548,2.881628
0.795000,3.940919,-2.602774,2.882533
0.796000,3.942678,-2.602999,2.883436
0.797000,3.944434,-2.603223,2.884336
0.798000,3.946187,-2.603446,2.885235
0.799000,3.947937,-2.603667,2.886133
0.800000,3.949684,-2.603888,2.887028
0.801000,3.951428,-2.604107,2.887922
0.802000,3.953170,-2.604326,2.888813
0.803000,3.954908,-2.604543,2.889703
0.804000,3.956644,-2.604759,2.890592
0.805000,3.958377,-2.604974,2.891478
0.806000,3.960107,-2.605187,2.892363
0.807000,3.961834,-2.605400,2.893246
0.808000,3.963558,-2.605612,2.894127
0.809000,3.965279,-2.605822,2.895007
0.810000,3.966998,-2.606032,2.895884
0.811000,3.968713,-2.606240,2.896760
0.812000,3.970426,-2.606448,2.897634
0.813000,3.972136,-2.606654,2.898507
0.814000,3.973843,-2.606859,2.899377
0.815000,3.975547,-2.607063,2.900246
0.816000,3.977248,-2.607266,2.901113
0.817000,3.978946,-2.607469,2.901979
0.818000,3.980642,-2.607670,2.902843
0.819000,3.982335,-2.607869,2.903705
0.820000,3.984024,-2.608068,2.904565
0.821000,3.985711,-2.608266,2.905423
0.822000,3.987395,-2.608463,2.906280
0.823000,3.989076,-2.608659,2.907135
0.824000,3.990755,-2.608854,2.907989
0.825000,3.992430,-2.609048,2.908840
0.826000,3.994103,-2.609240,2.909690
0.827000,3.995773,-2.609432,2.910539
0.828000,3.997439,-2.609623,2.911385
0.829000,3.999104,-2.609812,2.912230
0.830000,4.000765,-2.610001,2.913073
0.831000,4.002423,-2.610189,2.913915
0.832000,4.004079,-2.610376,2.914755
0.833000,4.005731,-2.610561,2.915593
0.834000,4.007381,-2.610746,2.916429
0.835000,4.009028,-2.610930,2.917264
0.836000,4.010672,-2.611113,2.918097
0.837000,4.012314,-2.611294,2.918928
0.838000,4.013952,-2.611475,2.919758
0.839000,4.015588,-2.611655,2.920586
0.840000,4.017220,-2.611834,2.921413
0.841000,4.018850,-2.612012,2.922238
0.842000,4.020478,-2.612189,2.923061
0.843000,4.022102,-2.612365,2.923882
0.844000,4.023723,-2.612540,2.924702
0.845000,4.025342,-2.612714,2.925520
0.846000,4.026958,-2.612887,2.926337
0.847000,4.028571,-2.613060,2.927152
0.848000,4.030181,-2.613231,2.927965
0.849000,4.031788,-2.613401,2.928777
0.850000,4.033393,-2.613571,2.929587
0.851000,4.034995,-2.613739,2.930395
0.852000,4.036594,-2.613907,2.931202
0.853000,4.038190,-2.614074,2.932007
0.854000,4.039783,-2.614239,2.932810
0.855000,4.041373,-2.614404,2.933612
0.856000,4.042961,-2.614568,2.934413
0.857000,4.044546,-2.614731,2.935211
0.858000,4.046128,-2.614893,2.936008
0.859000,4.047707,-2.615055,2.936804
0.860000,4.049284,-2.615215,2.937598
0.861000,4.050857,-2.615374,2.938390
0.862000,4.052428,-2.615533,2.939181
0.863000,4.053996,-2.615691,2.939970
0.864000,4.055561,-2.615847,2.940758
0.865000,4.057124,-2.616003,2.941543
0.866000,4.058683,-2.616158,2.942328
0.867000,4.060240,-2.616313,2.943111
0.868000,4.061794,-2.616466,2.943892
0.869000,4.063346,-2.616618,2.944671
0.870000,4.064894,-2.616770,2.945450
0.871000,4.066440,-2.616921,2.946226
0.872000,4.067983,-2.617071,2.947001
0.873000,4.069523,-2.617220,2.947774
0.874000,4.071060,-2.617368,2.948546
0.875000,4.072595,-2.617515,2.949316
0.876000,4.074126,-2.617662,2.950085
0.877000,4.075655,-2.617807,2.950852
0.878000,4.077182,-2.617952,2.951618
0.879000,4.078705,-2.618096,2.952382
0.880000,4.080226,-2.618239,2.953144
0.881000,4.081744,-2.618382,2.953905
0.882000,4.083259,-2.618523,2.954665
0.883000,4.084771,-2.618664,2.955423
0.884000,4.086281,-2.618804,2.956179
0.885000,4.087788,-2.618943,2.956934
0.886000,4.089292,-2.619081,2.957687
0.887000,4.090793,-2.619219,2.958439
0.888000,4.092292,-2.619355,2.959189
0.889000,4.093788,-2.619491,2.959938
0.890000,4.095281,-2.619626,2.960685
0.891000,4.096771,-2.619761,2.961431
0.892000,4.098259,-2.619894,2.962175
0.893000,4.099744,-2.620027,2.962918
0.894000,4.101226,-2.620159,2.963659
0.895000,4.102705,-2.620290,2.964399
0.896000,4.104182,-2.620420,2.965137
0.897000,4.105655,-2.620550,2.965874
0.898000,4.107127,-2.620679,2.966609
0.899000,4.108595,-2.620807,2.967343
0.900000,4.110061,-2.620934,2.968075
0.901000,4.111523,-2.621061,2.968806
0.902000,4.112984,-2.621186,2.969535
0.903000,4.114441,-2.621312,2.970263
0.904000,4.115896,-2.621436,2.970989
0.905000,4.117348,-2.621559,2.971714
0.906000,4.118797,-2.621682,2.972437
0.907000,4.120244,-2.621804,2.973159
0.908000,4.121688,-2.621926,2.973880
0.909000,4.123129,-2.622046,2.974599
0.910000,4.124567,-2.622166,2.975316
0.911000,4.126003,-2.622285,2.976032
0.912000,4.127436,-2.622404,2.976747
0.913000,4.128866,-2.622521,2.977460
0.914000,4.130294,-2.622638,2.978171
0.915000,4.131718,-2.622754,2.978882
0.916000,4.133141,-2.622870,2.979590
0.917000,4.134560,-2.622985,2.980298
0.918000,4.135977,-2.623099,2.981004
0.919000,4.137391,-2.623212,2.981708
0.920000,4.138802,-2.623325,2.982411
0.921000,4.140211,-2.623437,2.983112
0.922000,4.141617,-2.623548,2.983813
0.923000,4.143020,-2.623659,2.984511
0.924000,4.144421,-2.623769,2.985209
0.925000,4.145818,-2.623878,2.985904
0.926000,4.147214,-2.623987,2.986599
0.927000,4.148606,-2.624095,2.987292
0.928000,4.149996,-2.624202,2.987983
0.929000,4.151383,-2.624308,2.988673
0.930000,4.152768,-2.624414,2.989362
0.931000,4.154149,-2.624519,2.990049
0.932000,4.155528,-2.624624,2.990735
0.933000,4.156905,-2.624728,2.991420
0.934000,4.158279,-2.624831,2.992103
0.935000,4.159650,-2.624933,2.992784
0.936000,4.161018,-2.625035,2.993465
0.937000,4.162384,-2.625136,2.994144
0.938000,4.163747,-2.625237,2.994821
0.939000,4.165108,-2.625337,2.995497
0.940000,4.166465,-2.625436,2.996172
0.941000,4.167821,-2.625535,2.996845
0.942000,4.169173,-2.625633,2.997517
0.943000,4.170523,-2.625730,2.998187
0.944000,4.171870,-2.625827,2.998857
0.945000,4.173215,-2.625923,2.999524
0.946000,4.174556,-2.626018,3.000191
0.947000,4.175896,-2.626113,3.000856
0.948000,4.177232,-2.626207,3.001519
0.949000,4.178566,-2.626301,3.002181
0.950000,4.179898,-2.626394,3.002842
0.951000,4.181226,-2.626486,3.003502
0.952000,4.182552,-2.626578,3.004160
0.953000,4.183876,-2.626669,3.004817
0.954000,4.185197,-2.626760,3.005472
0.955000,4.186515,-2.626850,3.006126
0.956000,4.187830,-2.626939,3.006779
0.957000,4.189143,-2.627028,3.007430
0.958000,4.190453,-2.627116,3.008080
0.959000,4.191761,-2.627203,3.008729
0.960000,4.193066,-2.627290,3.009376
0.961000,4.194369,-2.627376,3.010022
0.962000,4.195668,-2.627462,3.010666
0.963000,4.196966,-2.627547,3.011309
0.964000,4.198260,-2.627632,3.011951
0.965000,4.199552,-2.627716,3.012592
0.966000,4.200841,-2.627799,3.013231
0.967000,4.202128,-2.627882,3.013869
0.968000,4.203412,-2.627965,3.014505
0.969000,4.204694,-2.628046,3.015140
0.970000,4.205973,-2.628127,3.015774
0.971000,4.207249,-2.628208,3.016407
0.972000,4.208523,-2.628288,3.017038
0.973000,4.209794,-2.628368,3.017668
0.974000,4.211063,-2.628447,3.018296
0.975000,4.212329,-2.628525,3.018924
0.976000,4.213592,-2.628603,3.019549
0.977000,4.214853,-2.628680,3.020174
0.978000,4.216111,-2.628757,3.020797
0.979000,4.217367,-2.628833,3.021419
0.980000,4.218620,-2.628909,3.022040
0.981000,4.219871,-2.628984,3.022659
0.982000,4.221119,-2.629058,3.023277
0.983000,4.222364,-2.629132,3.023894
0.984000,4.223607,-2.629206,3.024509
0.985000,4.224847,-2.629279,3.025123
0.986000,4.226085,-2.629351,3.025736
0.987000,4.227320,-2.629423,3.026348
0.988000,4.228552,-2.629494,3.026958
0.989000,4.229782,-2.629565,3.027567
0.990000,4.231010,-2.629636,3.028174
0.991000,4.232235,-2.629706,3.028781
0.992000,4.233457,-2.629775,3.029386
0.993000,4.234677,-2.629844,3.029989
0.994000,4.235894,-2.629912,3.030592
0.995000,4.237109,-2.629980,3.031193
0.996000,4.238321,-2.630047,3.031793
0.997000,4.239531,-2.630114,3.032392
0.998000,4.240738,-2.630180,3.032989
0.999000,4.241942,-2.630246,3.033585
1.000000,4.243144,-2.630312,3.034180
1.001000,4.244344,-2.630376,3.034773
1.002000,4.245540,-2.630441,3.035365
1.003000,4.246735,-2.630505,3.035956
1.004000,4.247927,-2.630568,3.036546
1.005000,4.249116,-2.630631,3.037134
1.006000,4.250303,-2.630693,3.037721
1.007000,4.251487,-2.630755,3.038307
1.008000,4.252669,-2.630817,3.038892
1.009000,4.253848,-2.630878,3.039475
1.010000,4.255025,-2.630938,3.040057
1.011000,4.256199,-2.630998,3.040638
1.012000,4.257371,-2.631058,3.041218
1.013000,4.258540,-2.631117,3.041796
1.014000,4.259707,-2.631176,3.042373
1.015000,4.260871,-2.631234,3.042949
1.016000,4.262032,-2.631292,3.043524
1.017000,4.263192,-2.631349,3.044097
1.018000,4.264348,-2.631406,3.044669
1.019000,4.265502,-2.631462,3.045240
1.020000,4.266654,-2.631518,3.045809
1.021000,4.267803,-2.631574,3.046378
1.022000,4.268950,-2.631629,3.046945
1.023000,4.270094,-2.631683,3.047511
1.024000,4.271236,-2.631738,3.048075
1.025000,4.272375,-2.631791,3.048639
1.026000,4.273512,-2.631845,3.049201
1.027000,4.274646,-2.631897,3.049762
1.028000,4.275778,-2.631950,3.050322
1.029000,4.276907,-2.632002,3.050880
1.030000,4.278034,-2.632053,3.051437
1.031000,4.279159,-2.632105,3.051993
1.032000,4.280280,-2.632155,3.052548
1.033000,4.281400,-2.632206,3.053102
1.034000,4.282517,-2.632256,3.053654
1.035000,4.283631,-2.632305,3.054205
1.036000,4.284743,-2.632354,3.054755
1.037000,4.285853,-2.632403,3.055304
1.038000,4.286960,-2.632451,3.055851
1.039000,4.288065,-2.632499,3.056398
1.040000,4.289167,-2.632546,3.056943
1.041000,4.290267,-2.632593,3.057486
1.042000,4.291364,-2.632640,3.058029
1.043000,4.292459,-2.632686,3.058571
1.044000,4.293551,-2.632732,3.059111
1.045000,4.294641,-2.632777,3.059650
1.046000,4.295729,-2.632822,3.060188
1.047000,4.296814,-2.632867,3.060724
1.048000,4.297897,-2.632911,3.061260
1.049000,4.298977,-2.632955,3.061794
1.050000,4.300055,-2.632999,3.062327
1.051000,4.301130,-2.633042,3.062859
1.052000,4.302203,-2.633085,3.063389
1.053000,4.303273,-2.633127,3.063919
1.054000,4.304341,-2.633169,3.064447
1.055000,4.305407,-2.633210,3.064974
1.056000,4.306470,-2.633252,3.065500
1.057000,4.307531,-2.633292,3.066025
1.058000,4.308589,-2.633333,3.066548
1.059000,4.309645,-2.633373,3.067070
1.060000,4.310699,-2.633413,3.067591
1.061000,4.311750,-2.633452,3.068111
1.062000,4.312799,-2.633491,3.068630
1.063000,4.313845,-2.633530,3.069148
1.064000,4.314889,-2.633568,3.069664
1.065000,4.315931,-2.633606,3.070179
1.066000,4.316970,-2.633643,3.070693
1.067000,4.318007,-2.633681,3.071206
1.068000,4.319041,-2.633718,3.071718
1.069000,4.320073,-2.633754,3.072228
1.070000,4.321102,-2.633790,3.072738
1.071000,4.322130,-2.633826,3.073246
1.072000,4.323154,-2.633862,3.073753
1.073000,4.324177,-2.633897,3.074259
1.074000,4.325197,-2.633931,3.074763
1.075000,4.326214,-2.633966,3.075267
1.076000,4.327229,-2.634000,3.075769
1.077000,4.328242,-2.634034,3.076270
1.078000,4.329253,-2.634067,3.076770
1.079000,4.330261,-2.634100,3.077269
1.080000,4.331267,-2.634133,3.077767
1.081000,4.332270,-2.634166,3.078264
1.082000,4.333271,-2.634198,3.078759
1.083000,4.334270,-2.634230,3.079253
1.084000,4.335266,-2.634261,3.079746
1.085000,4.336260,-2.634292,3.080238
1.086000,4.337251,-2.634323,3.080729
1.087000,4.338240,-2.634354,3.081219
1.088000,4.339227,-2.634384,3.081707
1.089000,4.340212,-2.634414,3.082194
1.090000,4.341194,-2.634443,3.082681
1.091000,4.342174,-2.634473,3.083166
1.092000,4.343151,-2.634502,3.083650
1.093000,4.344126,-2.634530,3.084132
1.094000,4.345099,-2.634559,3.084614
1.095000,4.346069,-2.634587,3.085094
1.096000,4.347037,-2.634614,3.085574
1.097000,4.348003,-2.634642,3.086052
1.098000,4.348966,-2.634669,3.086529
1.099000,4.349927,-2.634696,3.087005
1.100000,4.350886,-2.634722,3.087480
1.101000,4.351842,-2.634749,3.087953
1.102000,4.352796,-2.634775,3.088426
1.103000,4.353748,-2.634800,3.088897
1.104000,4.354697,-2.634826,3.089368
1.105000,4.355644,-2.634851,3.089837
1.106000,4.356589,-2.634876,3.090305
1.107000,4.357531,-2.634900,3.090772
1.108000,4.358472,-2.634925,3.091237
1.109000,4.359409,-2.634949,3.091702
1.110000,4.360345,-2.634972,3.092165
1.111000,4.361278,-2.634996,3.092628
1.112000,4.362209,-2.635019,3.093089
1.113000,4.363137,-2.635042,3.093549
1.114000,4.364064,-2.635064,3.094008
1.115000,4.364987,-2.635087,3.094466
1.116000,4.365909,-2.635109,3.094923
1.117000,4.366828,-2.635131,3.095379
1.118000,4.367745,-2.635152,3.095833
1.119000,4.368660,-2.635173,3.096287
1.120000,4.369573,-2.635194,3.096739
1.121000,4.370483,-2.635215,3.097190
1.122000,4.371391,-2.635236,3.097640
1.123000,4.372296,-2.635256,3.098089
1.124000,4.373199,-2.635276,3.098537
1.125000,4.374100,-2.635296,3.098984
1.126000,4.374999,-2.635315,3.099430
1.127000,4.375896,-2.635334,3.099874
1.128000,4.376790,-2.635353,3.100318
1.129000,4.377682,-2.635372,3.100760
1.130000,4.378571,-2.635390,3.101201
1.131000,4.379458,-2.635409,3.101642
1.132000,4.380343,-2.635427,3.102081
1.133000,4.381226,-2.635444,3.102519
1.134000,4.382107,-2.635462,3.102955
1.135000,4.382985,-2.635479,3.103391
1.136000,4.383861,-2.635496,3.103826
1.137000,4.384735,-2.635513,3.104259
1.138000,4.385606,-2.635530,3.104692
1.139000,4.386475,-2.635546,3.105123
1.140000,4.387342,-2.635562,3.105554
1.141000,4.388207,-2.635578,3.105983
1.142000,4.389069,-2.635593,3.106411
1.143000,4.389930,-2.635609,3.106838
1.144000,4.390787,-2.635624,3.107264
1.145000,4.391643,-2.635639,3.107689
1.146000,4.392497,-2.635654,3.108112
1.147000,4.393348,-2.635668,3.108535
1.148000,4.394197,-2.635682,3.108957
1.149000,4.395043,-2.635697,3.109377
1.150000,4.395888,-2.635710,3.109797
1.151000,4.396730,-2.635724,3.110215
1.152000,4.397570,-2.635737,3.110632
1.153000,4.398408,-2.635751,3.111048
1.154000,4.399243,-2.635764,3.111463
1.155000,4.400077,-2.635776,3.111877
1.156000,4.400908,-2.635789,3.112290
1.157000,4.401737,-2.635801,3.112702
1.158000,4.402563,-2.635813,3.113113
1.159000,4.403388,-2.635825,3.113523
1.160000,4.404210,-2.635837,3.113931
1.161000,4.405030,-2.635849,3.114339
1.162000,4.405848,-2.635860,3.114745
1.163000,4.406663,-2.635871,3.115151
1.164000,4.407476,-2.635882,3.115555
1.165000,4.408287,-2.635893,3.115958
1.166000,4.409096,-2.635903,3.116361
1.167000,4.409903,-2.635914,3.116762
1.168000,4.410708,-2.635924,3.117162
1.169000,4.411510,-2.635934,3.117561
1.170000,4.412310,-2.635944,3.117959
1.171000,4.413108,-2.635953,3.118356
1.172000,4.413903,-2.635963,3.118751
1.173000,4.414697,-2.635972,3.119146
1.174000,4.415488,-2.635981,3.119540
1.175000,4.416277,-2.635990,3.119932
1.176000,4.417064,-2.635999,3.120324
1.177000,4.417849,-2.636007,3.120714
1.178000,4.418631,-2.636015,3.121104
1.179000,4.419412,-2.636024,3.121492
1.180000,4.420190,-2.636032,3.121880
1.181000,4.420966,-2.636039,3.122266
1.182000,4.421740,-2.636047,3.122651
1.183000,4.422511,-2.636054,3.123035
1.184000,4.423281,-2.636062,3.123418
1.185000,4.424048,-2.636069,3.123800
1.186000,4.424813,-2.636076,3.124181
1.187000,4.425576,-2.636082,3.124561
1.188000,4.426337,-2.636089,3.124940
1.189000,4.427095,-2.636095,3.125318
1.190000,4.427852,-2.636102,3.125695
1.191000,4.428606,-2.636108,3.126070
1.192000,4.429358,-2.636114,3.126445
1.193000,4.430108,-2.636119,3.126819
1.194000,4.430855,-2.636125,3.127191
1.195000,4.431601,-2.636131,3.127563
1.196000,4.432344,-2.636136,3.127933
1.197000,4.433086,-2.636141,3.128303
1.198000,4.433825,-2.636146,3.128671
1.199000,4.434562,-2.636151,3.129038
1.200000,4.435297,-2.636155,3.129405
1.201000,4.436029,-2.636160,3.129770
1.202000,4.436760,-2.636164,3.130134
1.203000,4.437488,-2.636169,3.130498
1.204000,4.438214,-2.636173,3.130860
1.205000,4.438938,-2.636177,3.131221
1.206000,4.439660,-2.636180,3.131581
1.207000,4.440380,-2.636184,3.131940
1.208000,4.441098,-2.636188,3.132298
1.209000,4.441813,-2.636191,3.132655
1.210000,4.442527,-2.636194,3.133011
1.211000,4.443238,-2.636197,3.133366
1.212000,4.443947,-2.636200,3.133719
1.213000,4.444654,-2.636203,3.134072
1.214000,4.445359,-2.636206,3.134424
1.215000,4.446061,-2.636208,3.134775
1.216000,4.446762,-2.636211,3.135125
1.217000,4.447460,-2.636213,3.135473
1.218000,4.448157,-2.636215,3.135821
1.219000,4.448851,-2.636217,3.136168
1.220000,4.449543,-2.636219,3.136513
1.221000,4.450233,-2.636221,3.136858
1.222000,4.450921,-2.636222,3.137201
1.223000,4.451607,-2.636224,3.137544
1.224000,4.452290,-2.636225,3.137885
1.225000,4.452972,-2.636226,3.138226
1.226000,4.453651,-2.636227,3.138565
1.227000,4.454329,-2.636228,3.138904
1.228000,4.455004,-2.636229,3.139241
1.229000,4.455677,-2.636230,3.139577
1.230000,4.456348,-2.636231,3.139913
1.231000,4.457017,-2.636231,3.140247
1.232000,4.457684,-2.636232,3.140580
1.233000,4.458349,-2.636232,3.140913
1.234000,4.459011,-2.636232,3.141244
1.235000,4.459672,-2.636232,3.141574
1.236000,4.460330,-2.636232,3.141903
1.237000,4.460986,-2.636232,3.142232
1.238000,4.461641,-2.636232,3.142559
1.239000,4.462293,-2.636231,3.142885
1.240000,4.462943,-2.636231,3.143210
1.241000,4.463591,-2.636230,3.143534
1.242000,4.464237,-2.636229,3.143857
1.243000,4.464881,-2.636229,3.144179
1.244000,4.465522,-2.636228,3.144501
1.245000,4.466162,-2.636227,3.144821
1.246000,4.466799,-2.636226,3.145140
1.247000,4.467435,-2.636224,3.145458
1.248000,4.468068,-2.636223,3.145775
1.249000,4.468700,-2.636222,3.146091
1.250000,4.469329,-2.636220,3.146406
1.251000,4.469956,-2.636219,3.146720
1.252000,4.470581,-2.636217,3.147033
1.253000,4.471204,-2.636215,3.147345
1.254000,4.471825,-2.636213,3.147656
1.255000,4.472444,-2.636211,3.147966
1.256000,4.473061,-2.636209,3.148275
1.257000,4.473676,-2.636207,3.148583
1.258000,4.474289,-2.636205,3.148890
1.259000,4.474899,-2.636202,3.149196
1.260000,4.475508,-2.636200,3.149501
1.261000,4.476114,-2.636197,3.149804
1.262000,4.476719,-2.636195,3.150107
1.263000,4.477321,-2.636192,3.150409
1.264000,4.477922,-2.636189,3.150710
1.265000,4.478520,-2.636186,3.151010
1.266000,4.479116,-2.636183,3.151309
1.267000,4.479711,-2.636180,3.151607
1.268000,4.480303,-2.636177,3.151904
1.269000,4.480893,-2.636174,3.152200
1.270000,4.481481,-2.636171,3.152495
1.271000,4.482067,-2.636167,3.152789
1.272000,4.482651,-2.636164,3.153082
1.273000,4.483233,-2.636160,3.153374
1.274000,4.483813,-2.636157,3.153664
1.275000,4.484391,-2.636153,3.153954
1.276000,4.484967,-2.636150,3.154243
1.277000,4.485541,-2.636146,3.154531
1.278000,4.486112,-2.636142,3.154818
1.279000,4.486682,-2.636138,3.155104
1.280000,4.487250,-2.636134,3.155389
1.281000,4.487816,-2.636130,3.155673
1.282000,4.488379,-2.636126,3.155956
1.283000,4.488941,-2.636121,3.156238
1.284000,4.489501,-2.636117,3.156519
1.285000,4.490058,-2.636113,3.156799
1.286000,4.490614,-2.636108,3.157078
1.287000,4.491167,-2.636104,3.157356
1.288000,4.491719,-2.636099,3.157633
1.289000,4.492268,-2.636095,3.157909
1.290000,4.492816,-2.636090,3.158184
1.291000,4.493361,-2.636085,3.158458
1.292000,4.493905,-2.636080,3.158731
1.293000,4.494446,-2.636076,3.159003
1.294000,4.494986,-2.636071,3.159274
1.295000,4.495523,-2.636066,3.159544
1.296000,4.496058,-2.636061,3.159813
1.297000,4.496592,-2.636056,3.160081
1.298000,4.497123,-2.636051,3.160349
1.299000,4.497653,-2.636045,3.160615
1.300000,4.498180,-2.636040,3.160880
1.301000,4.498705,-2.636035,3.161144
1.302000,4.499229,-2.636029,3.161407
1.303000,4.499750,-2.636024,3.161669
1.304000,4.500269,-2.636019,3.161931
1.305000,4.500787,-2.636013,3.162191
1.306000,4.501302,-2.636008,3.162450
1.307000,4.501816,-2.636002,3.162708
1.308000,4.502327,-2.635996,3.162966
1.309000,4.502836,-2.635991,3.163222
1.310000,4.503344,-2.635985,3.163477
1.311000,4.503849,-2.635979,3.163732
1.312000,4.504353,-2.635973,3.163985
1.313000,4.504854,-2.635967,3.164237
1.314000,4.505353,-2.635962,3.164489
1.315000,4.505851,-2.635956,3.164739
1.316000,4.506346,-2.635950,3.164989
1.317000,4.506840,-2.635944,3.165237
1.318000,4.507331,-2.635937,3.165484
1.319000,4.507821,-2.635931,3.165731
1.320000,4.508308,-2.635925,3.165976
1.321000,4.508794,-2.635919,3.166221
1.322000,4.509278,-2.635913,3.166465
1.323000,4.509759,-2.635907,3.166707
1.324000,4.510239,-2.635900,3.166949
1.325000,4.510716,-2.635894,3.167189
1.326000,4.511192,-2.635888,3.167429
1.327000,4.511666,-2.635881,3.167668
1.328000,4.512138,-2.635875,3.167906
1.329000,4.512607,-2.635868,3.168142
1.330000,4.513075,-2.635862,3.168378
1.331000,4.513541,-2.635855,3.168613
1.332000,4.514005,-2.635849,3.168847
1.333000,4.514467,-2.635842,3.169080
1.334000,4.514927,-2.635836,3.169311
1.335000,4.515385,-2.635829,3.169542
1.336000,4.515841,-2.635822,3.169772
1.337000,4.516295,-2.635816,3.170001
1.338000,4.516747,-2.635809,3.170229
1.339000,4.517197,-2.635802,3.170456
1.340000,4.517645,-2.635795,3.170682
1.341000,4.518091,-2.635789,3.170907
1.342000,4.518536,-2.635782,3.171132
1.343000,4.518978,-2.635775,3.171355
1.344000,4.519418,-2.635768,3.171577
1.345000,4.519857,-2.635761,3.171798
1.346000,4.520293,-2.635754,3.172018
1.347000,4.520728,-2.635747,3.172238
1.348000,4.521160,-2.635741,3.172456
1.349000,4.521591,-2.635734,3.172673
1.350000,4.522019,-2.635727,3.172890
1.351000,4.522446,-2.635720,3.173105
1.352000,4.522871,-2.635713,3.173320
1.353000,4.523294,-2.635706,3.173533
1.354000,4.523714,-2.635699,3.173746
1.355000,4.524133,-2.635692,3.173957
1.356000,4.524550,-2.635684,3.174168
1.357000,4.524965,-2.635677,3.174377
1.358000,4.525379,-2.635670,3.174586
1.359000,4.525790,-2.635663,3.174794
1.360000,4.526199,-2.635656,3.175000
1.361000,4.526606,-2.635649,3.175206
1.362000,4.527012,-2.635642,3.175411
1.363000,4.527415,-2.635635,3.175615
1.364000,4.527817,-2.635628,3.175818
1.365000,4.528216,-2.635620,3.176020
1.366000,4.528614,-2.635613,3.176221
1.367000,4.529009,-2.635606,3.176421
1.368000,4.529403,-2.635599,3.176620
1.369000,4.529795,-2.635592,3.176818
1.370000,4.530185,-2.635585,3.177015
1.371000,4.530573,-2.635577,3.177211
1.372000,4.530959,-2.635570,3.177406
1.373000,4.531343,-2.635563,3.177600
1.374000,4.531725,-2.635556,3.177794
1.375000,4.532106,-2.635549,3.177986
1.376000,4.532484,-2.635541,3.178177
1.377000,4.532860,-2.635534,3.178368
1.378000,4.533235,-2.635527,3.178557
1.379000,4.533608,-2.635520,3.178746
1.380000,4.533978,-2.635513,3.178933
1.381000,4.534347,-2.635505,3.179120
1.382000,4.534714,-2.635498,3.179305
1.383000,4.535079,-2.635491,3.179490
1.384000,4.535442,-2.635484,3.179674
1.385000,4.535803,-2.635477,3.179857
1.386000,4.536162,-2.635469,3.180038
1.387000,4.536519,-2.635462,3.180219
1.388000,4.536875,-2.635455,3.180399
1.389000,4.537228,-2.635448,3.180578
1.390000,4.537580,-2.635441,3.180756
1.391000,4.537930,-2.635434,3.180933
1.392000,4.538277,-2.635426,3.181109
1.393000,4.538623,-2.635419,3.181284
1.394000,4.538967,-2.635412,3.181458
1.395000,4.539309,-2.635405,3.181632
1.396000,4.539649,-2.635398,3.181804
1.397000,4.539987,-2.635391,3.181975
1.398000,4.540324,-2.635384,3.182146
1.399000,4.540658,-2.635377,3.182315
1.400000,4.540991,-2.635369,3.182483
1.401000,4.541321,-2.635362,3.182651
1.402000,4.541650,-2.635355,3.182817
1.403000,4.541977,-2.635348,3.182983
1.404000,4.542302,-2.635341,3.183148
1.405000,4.542625,-2.635334,3.183311
1.406000,4.542946,-2.635327,3.183474
1.407000,4.543265,-2.635320,3.183636
1.408000,4.543582,-2.635313,3.183797
1.409000,4.543898,-2.635306,3.183957
1.410000,4.544211,-2.635299,3.184116
1.411000,4.544523,-2.635292,3.184274
1.412000,4.544833,-2.635285,3.184431
1.413000,4.545141,-2.635279,3.184587
1.414000,4.545447,-2.635272,3.184742
1.415000,4.545751,-2.635265,3.184896
1.416000,4.546053,-2.635258,3.185049
1.417000,4.546353,-2.635251,3.185202
1.418000,4.546652,-2.635244,3.185353
1.419000,4.546948,-2.635238,3.185503
1.420000,4.547243,-2.635231,3.185653
1.421000,4.547536,-2.635224,3.185801
1.422000,4.547827,-2.635217,3.185949
1.423000,4.548116,-2.635211,3.186096
1.424000,4.548403,-2.635204,3.186241
1.425000,4.548688,-2.635197,3.186386
1.426000,4.548972,-2.635191,3.186530
1.427000,4.549253,-2.635184,3.186673
1.428000,4.549533,-2.635177,3.186814
1.429000,4.549810,-2.635171,3.186955
1.430000,4.550086,-2.635164,3.187095
1.431000,4.550360,-2.635158,3.187234
1.432000,4.550632,-2.635151,3.187373
1.433000,4.550903,-2.635145,3.187510
1.434000,4.551171,-2.635138,3.187646
1.435000,4.551437,-2.635132,3.187781
1.436000,4.551702,-2.635125,3.187916
1.437000,4.551965,-2.635119,3.188049
1.438000,4.552226,-2.635113,3.188181
1.439000,4.552485,-2.635106,3.188313
1.440000,4.552742,-2.635100,3.188443
1.441000,4.552997,-2.635094,3.188573
1.442000,4.553250,-2.635088,3.188702
1.443000,4.553502,-2.635081,3.188829
1.444000,4.553751,-2.635075,3.188956
1.445000,4.553999,-2.635069,3.189082
1.446000,4.554245,-2.635063,3.189207
1.447000,4.554489,-2.635057,3.189331
1.448000,4.554731,-2.635051,3.189454
1.449000,4.554972,-2.635045,3.189576
1.450000,4.555210,-2.635039,3.189697
1.451000,4.555447,-2.635033,3.189817
1.452000,4.555681,-2.635027,3.189937
1.453000,4.555914,-2.635021,3.190055
1.454000,4.556145,-2.635015,3.190172
1.455000,4.556374,-2.635009,3.190289
1.456000,4.556601,-2.635003,3.190404
1.457000,4.556827,-2.634998,3.190519
1.458000,4.557050,-2.634992,3.190632
1.459000,4.557272,-2.634986,3.190745
1.460000,4.557492,-2.634981,3.190857
1.461000,4.557710,-2.634975,3.190968
1.462000,4.557926,-2.634969,3.191077
1.463000,4.558140,-2.634964,3.191186
1.464000,4.558353,-2.634958,3.191294
1.465000,4.558563,-2.634953,3.191401
1.466000,4.558772,-2.634947,3.191507
1.467000,4.558979,-2.634942,3.191613
1.468000,4.559184,-2.634937,3.191717
1.469000,4.559387,-2.634931,3.191820
1.470000,4.559588,-2.634926,3.191922
1.471000,4.559787,-2.634921,3.192024
1.472000,4.559985,-2.634915,3.192124
1.473000,4.560180,-2.634910,3.192224
1.474000,4.560374,-2.634905,3.192322
1.475000,4.560566,-2.634900,3.192420
1.476000,4.560756,-2.634895,3.192517
1.477000,4.560945,-2.634890,3.192612
1.478000,4.561131,-2.634885,3.192707
1.479000,4.561316,-2.634880,3.192801
1.480000,4.561498,-2.634875,3.192894
1.481000,4.561679,-2.634870,3.192986
1.482000,4.561858,-2.634865,3.193077
1.483000,4.562036,-2.634861,3.193167
1.484000,4.562211,-2.634856,3.193257
1.485000,4.562384,-2.634851,3.193345
1.486000,4.562556,-2.634846,3.193432
1.487000,4.562726,-2.634842,3.193519
1.488000,4.562894,-2.634837,3.193604
1.489000,4.563060,-2.634833,3.193689
1.490000,4.563224,-2.634828,3.193772
1.491000,4.563387,-2.634824,3.193855
1.492000,4.563547,-2.634819,3.193937
1.493000,4.563706,-2.634815,3.194017
1.494000,4.563863,-2.634811,3.194097
1.495000,4.564018,-2.634806,3.194176
1.496000,4.564171,-2.634802,3.194254
1.497000,4.564322,-2.634798,3.194331
1.498000,4.564472,-2.634794,3.194407
1.499000,4.564620,-2.634790,3.194482
1.500000,4.564765,-2.634786,3.194557
1.501000,4.564909,-2.634782,3.194630
1.502000,4.565052,-2.634778,3.194702
1.503000,4.565192,-2.634774,3.194774
1.504000,4.565330,-2.634770,3.194844
1.505000,4.565467,-2.634766,3.194914
1.506000,4.565602,-2.634762,3.194982
1.507000,4.565735,-2.634759,3.195050
1.508000,4.565866,-2.634755,3.195117
1.509000,4.565995,-2.634751,3.195183
1.510000,4.566123,-2.634748,3.195248
1.511000,4.566248,-2.634744,3.195312
1.512000,4.566372,-2.634741,3.195375
1.513000,4.566494,-2.634737,3.195437
1.514000,4.566614,-2.634734,3.195498
1.515000,4.566732,-2.634731,3.195558
1.516000,4.566849,-2.634727,3.195617
1.517000,4.566963,-2.634724,3.195676
1.518000,4.567076,-2.634721,3.195733
1.519000,4.567187,-2.634718,3.195790
1.520000,4.567296,-2.634715,3.195845
1.521000,4.567403,-2.634712,3.195900
1.522000,4.567509,-2.634709,3.195953
1.523000,4.567612,-2.634706,3.196006
1.524000,4.567714,-2.634703,3.196058
1.525000,4.567814,-2.634700,3.196109
1.526000,4.567912,-2.634697,3.196159
1.527000,4.568008,-2.634694,3.196208
1.528000,4.568103,-2.634692,3.196256
1.529000,4.568195,-2.634689,3.196303
1.530000,4.568286,-2.634686,3.196349
1.531000,4.568375,-2.634684,3.196395
1.532000,4.568462,-2.634681,3.196439
1.533000,4.568547,-2.634679,3.196483
1.534000,4.568631,-2.634676,3.196525
1.535000,4.568712,-2.634674,3.196567
1.536000,4.568792,-2.634672,3.196607
1.537000,4.568870,-2.634670,3.196647
1.538000,4.568946,-2.634667,3.196686
1.539000,4.569020,-2.634665,3.196724
1.540000,4.569093,-2.634663,3.196760
1.541000,4.569163,-2.634661,3.196796
1.542000,4.569232,-2.634659,3.196832
1.543000,4.569299,-2.634657,3.196866
1.544000,4.569364,-2.634655,3.196899
1.545000,4.569427,-2.634653,3.196931
1.546000,4.569489,-2.634652,3.196962
1.547000,4.569548,-2.634650,3.196993
1.548000,4.569606,-2.634648,3.197022
1.549000,4.569662,-2.634647,3.197051
1.550000,4.569716,-2.634645,3.197078
1.551000,4.569769,-2.634643,3.197105
1.552000,4.569819,-2.634642,3.197131
1.553000,4.569868,-2.634641,3.197156
1.554000,4.569915,-2.634639,3.197179
1.555000,4.569960,-2.634638,3.197202
1.556000,4.570003,-2.634637,3.197224
1.557000,4.570044,-2.634635,3.197245
1.558000,4.570084,-2.634634,3.197266
1.559000,4.570121,-2.634633,3.197285
1.560000,4.570157,-2.634632,3.197303
1.561000,4.570191,-2.634631,3.197320
1.562000,4.570224,-2.634630,3.197337
1.563000,4.570254,-2.634629,3.197352
1.564000,4.570282,-2.634628,3.197367
1.565000,4.570309,-2.634628,3.197380
1.566000,4.570334,-2.634627,3.197393
1.567000,4.570357,-2.634626,3.197405
1.568000,4.570378,-2.634626,3.197416
1.569000,4.570398,-2.634625,3.197426
1.570000,4.570415,-2.634625,3.197435
1.571000,4.570431,-2.634624,3.197443
1.572000,4.570445,-2.634624,3.197450
1.573000,4.570457,-2.634623,3.197456
1.574000,4.570468,-2.634623,3.197461
1.575000,4.570476,-2.634623,3.197466
1.576000,4.570483,-2.634623,3.197469
1.577000,4.570488,-2.634622,3.197471
1.578000,4.570491,-2.634622,3.197473
1.579000,4.570492,-2.634622,3.197473
1.580000,4.570491,-2.634622,3.197473
1.581000,4.570488,-2.634622,3.197472
1.582000,4.570484,-2.634623,3.197470
1.583000,4.570478,-2.634623,3.197467
1.584000,4.570470,-2.634623,3.197462
1.585000,4.570460,-2.634623,3.197457
1.586000,4.570449,-2.634624,3.197452
1.587000,4.570435,-2.634624,3.197445
1.588000,4.570420,-2.634624,3.197437
1.589000,4.570403,-2.634625,3.197428
1.590000,4.570384,-2.634626,3.197419
1.591000,4.570363,-2.634626,3.197408
1.592000,4.570341,-2.634627,3.197396
1.593000,4.570316,-2.634628,3.197384
1.594000,4.570290,-2.634628,3.197371
1.595000,4.570262,-2.634629,3.197356
1.596000,4.570232,-2.634630,3.197341
1.597000,4.570200,-2.634631,3.197325
1.598000,4.570167,-2.634632,3.197308
1.599000,4.570131,-2.634633,3.197290
1.600000,4.570094,-2.634634,3.197271
1.601000,4.570055,-2.634635,3.197251
1.602000,4.570014,-2.634636,3.197230
1.603000,4.569971,-2.634638,3.197208
1.604000,4.569927,-2.634639,3.197186
1.605000,4.569881,-2.634640,3.197162
1.606000,4.569832,-2.634642,3.197138
1.607000,4.569782,-2.634643,3.197112
1.608000,4.569731,-2.634645,3.197086
1.609000,4.569677,-2.634646,3.197058
1.610000,4.569622,-2.634648,3.197030
1.611000,4.569564,-2.634649,3.197001
1.612000,4.569505,-2.634651,3.196971
1.613000,4.569444,-2.634653,3.196940
1.614000,4.569381,-2.634655,3.196908
1.615000,4.569317,-2.634657,3.196875
1.616000,4.569250,-2.634659,3.196841
1.617000,4.569182,-2.634661,3.196806
1.618000,4.569112,-2.634663,3.196770
1.619000,4.569040,-2.634665,3.196734
1.620000,4.568966,-2.634667,3.196696
1.621000,4.568890,-2.634669,3.196657
1.622000,4.568813,-2.634671,3.196618
1.623000,4.568734,-2.634673,3.196578
1.624000,4.568653,-2.634676,3.196536
1.625000,4.568570,-2.634678,3.196494
1.626000,4.568485,-2.634681,3.196451
1.627000,4.568398,-2.634683,3.196407
1.628000,4.568310,-2.634686,3.196362
1.629000,4.568220,-2.634688,3.196316
1.630000,4.568128,-2.634691,3.196269
1.631000,4.568034,-2.634694,3.196221
1.632000,4.567938,-2.634696,3.196172
1.633000,4.567840,-2.634699,3.196123
1.634000,4.567741,-2.634702,3.196072
1.635000,4.567640,-2.634705,3.196020
1.636000,4.567537,-2.634708,3.195968
1.637000,4.567432,-2.634711,3.195914
1.638000,4.567325,-2.634714,3.195860
1.639000,4.567216,-2.634717,3.195805
1.640000,4.567106,-2.634720,3.195748
1.641000,4.566994,-2.634723,3.195691
1.642000,4.566880,-2.634726,3.195633
1.643000,4.566764,-2.634730,3.195574
1.644000,4.566646,-2.634733,3.195514
1.645000,4.566526,-2.634736,3.195453
1.646000,4.566405,-2.634740,3.195391
1.647000,4.566282,-2.634743,3.195329
1.648000,4.566156,-2.634747,3.195265
1.649000,4.566030,-2.634750,3.195200
1.650000,4.565901,-2.634754,3.195135
1.651000,4.565770,-2.634758,3.195068
1.652000,4.565638,-2.634761,3.195001
1.653000,4.565503,-2.634765,3.194932
1.654000,4.565367,-2.634769,3.194863
1.655000,4.565229,-2.634773,3.194793
1.656000,4.565089,-2.634777,3.194722
1.657000,4.564948,-2.634781,3.194649
1.658000,4.564804,-2.634785,3.194576
1.659000,4.564659,-2.634789,3.194502
1.660000,4.564512,-2.634793,3.194427
1.661000,4.564363,-2.634797,3.194352
1.662000,4.564212,-2.634801,3.194275
1.663000,4.564059,-2.634805,3.194197
1.664000,4.563905,-2.634810,3.194118
1.665000,4.563748,-2.634814,3.194039
1.666000,4.563590,-2.634818,3.193958
1.667000,4.563430,-2.634823,3.193877
1.668000,4.563268,-2.634827,3.193794
1.669000,4.563104,-2.634832,3.193711
1.670000,4.562939,-2.634836,3.193627
1.671000,4.562771,-2.634841,3.193542
1.672000,4.562602,-2.634845,3.193455
1.673000,4.562431,-2.634850,3.193368
1.674000,4.562258,-2.634855,3.193280
1.675000,4.562083,-2.634859,3.193191
1.676000,4.561906,-2.634864,3.193102
1.677000,4.561728,-2.634869,3.193011
1.678000,4.561547,-2.634874,3.192919
1.679000,4.561365,-2.634879,3.192826
1.680000,4.561181,-2.634884,3.192733
1.681000,4.560995,-2.634889,3.192638
1.682000,4.560807,-2.634894,3.192542
1.683000,4.560618,-2.634899,3.192446
1.684000,4.560426,-2.634904,3.192349
1.685000,4.560233,-2.634909,3.192250
1.686000,4.560038,-2.634914,3.192151
1.687000,4.559841,-2.634919,3.192051
1.688000,4.559642,-2.634924,3.191950
1.689000,4.559441,-2.634930,3.191848
1.690000,4.559238,-2.634935,3.191745
1.691000,4.559034,-2.634940,3.191641
1.692000,4.558827,-2.634946,3.191536
1.693000,4.558619,-2.634951,3.191430
1.694000,4.558409,-2.634957,3.191323
1.695000,4.558197,-2.634962,3.191215
1.696000,4.557984,-2.634968,3.191107
1.697000,4.557768,-2.634973,3.190997
1.698000,4.557551,-2.634979,3.190887
1.699000,4.557331,-2.634985,3.190775
1.700000,4.557110,-2.634990,3.190663
1.701000,4.556887,-2.634996,3.190549
1.702000,4.556662,-2.635002,3.190435
1.703000,4.556435,-2.635008,3.190320
1.704000,4.556207,-2.635013,3.190204
1.705000,4.555976,-2.635019,3.190087
1.706000,4.555744,-2.635025,3.189968
1.707000,4.555510,-2.635031,3.189849
1.708000,4.555274,-2.635037,3.189730
1.709000,4.555036,-2.635043,3.189609
1.710000,4.554796,-2.635049,3.189487
1.711000,4.554554,-2.635055,3.189364
1.712000,4.554311,-2.635061,3.189240
1.713000,4.554065,-2.635067,3.189116
1.714000,4.553818,-2.635073,3.188990
1.715000,4.553569,-2.635080,3.188864
1.716000,4.553318,-2.635086,3.188736
1.717000,4.553065,-2.635092,3.188608
1.718000,4.552810,-2.635098,3.188478
1.719000,4.552554,-2.635105,3.188348
1.720000,4.552295,-2.635111,3.188217
1.721000,4.552035,-2.635117,3.188085
1.722000,4.551773,-2.635124,3.187951
1.723000,4.551509,-2.635130,3.187817
1.724000,4.551243,-2.635136,3.187682
1.725000,4.550975,-2.635143,3.187546
1.726000,4.550705,-2.635149,3.187409
1.727000,4.550433,-2.635156,3.187272
1.728000,4.550160,-2.635162,3.187133
1.729000,4.549885,-2.635169,3.186993
1.730000,4.549607,-2.635176,3.186852
1.731000,4.549328,-2.635182,3.186711
1.732000,4.549047,-2.635189,3.186568
1.733000,4.548764,-2.635195,3.186425
1.734000,4.548480,-2.635202,3.186280
1.735000,4.548193,-2.635209,3.186135
1.736000,4.547905,-2.635215,3.185988
1.737000,4.547614,-2.635222,3.185841
1.738000,4.547322,-2.635229,3.185693
1.739000,4.547028,-2.635236,3.185544
1.740000,4.546732,-2.635242,3.185393
1.741000,4.546434,-2.635249,3.185242
1.742000,4.546134,-2.635256,3.185090
1.743000,4.545832,-2.635263,3.184937
1.744000,4.545529,-2.635270,3.184783
1.745000,4.545223,-2.635277,3.184628
1.746000,4.544916,-2.635284,3.184473
1.747000,4.544606,-2.635291,3.184316
1.748000,4.544295,-2.635297,3.184158
1.749000,4.543982,-2.635304,3.183999
1.750000,4.543667,-2.635311,3.183840
1.751000,4.543350,-2.635318,3.183679
1.752000,4.543032,-2.635325,3.183518
1.753000,4.542711,-2.635332,3.183355
1.754000,4.542389,-2.635339,3.183192
1.755000,4.542064,-2.635346,3.183027
1.756000,4.541738,-2.635353,3.182862
1.757000,4.541410,-2.635361,3.182696
1.758000,4.541079,-2.635368,3.182528
1.759000,4.540747,-2.635375,3.182360
1.760000,4.540414,-2.635382,3.182191
1.761000,4.540078,-2.635389,3.182021
1.762000,4.539740,-2.635396,3.181850
1.763000,4.539400,-2.635403,3.181678
1.764000,4.539059,-2.635410,3.181505
1.765000,4.538715,-2.635417,3.181331
1.766000,4.538370,-2.635425,3.181156
1.767000,4.538023,-2.635432,3.180980
1.768000,4.537674,-2.635439,3.180804
1.769000,4.537323,-2.635446,3.180626
1.770000,4.536970,-2.635453,3.180447
1.771000,4.536615,-2.635460,3.180268
1.772000,4.536258,-2.635468,3.180087
1.773000,4.535899,-2.635475,3.179905
1.774000,4.535539,-2.635482,3.179723
1.775000,4.535176,-2.635489,3.179539
1.776000,4.534812,-2.635496,3.179355
1.777000,4.534445,-2.635504,3.179170
1.778000,4.534077,-2.635511,3.178983
1.779000,4.533707,-2.635518,3.178796
1.780000,4.533335,-2.635525,3.178608
1.781000,4.532961,-2.635532,3.178419
1.782000,4.532585,-2.635540,3.178228
1.783000,4.532207,-2.635547,3.178037
1.784000,4.531827,-2.635554,3.177845
1.785000,4.531446,-2.635561,3.177652
1.786000,4.531062,-2.635568,3.177458
1.787000,4.530676,-2.635576,3.177263
1.788000,4.530289,-2.635583,3.177067
1.789000,4.529900,-2.635590,3.176871
1.790000,4.529508,-2.635597,3.176673
1.791000,4.529115,-2.635604,3.176474
1.792000,4.528720,-2.635611,3.176274
1.793000,4.528323,-2.635619,3.176073
1.794000,4.527924,-2.635626,3.175872
1.795000,4.527523,-2.635633,3.175669
1.796000,4.527120,-2.635640,3.175466
1.797000,4.526715,-2.635647,3.175261
1.798000,4.526308,-2.635654,3.175056
1.799000,4.525899,-2.635661,3.174849
1.800000,4.525489,-2.635668,3.174642
1.801000,4.525076,-2.635676,3.174433
1.802000,4.524662,-2.635683,3.174224
1.803000,4.524245,-2.635690,3.174013
1.804000,4.523827,-2.635697,3.173802
1.805000,4.523406,-2.635704,3.173590
1.806000,4.522984,-2.635711,3.173377
1.807000,4.522560,-2.635718,3.173163
1.808000,4.522134,-2.635725,3.172947
1.809000,4.521705,-2.635732,3.172731
1.810000,4.521275,-2.635739,3.172514
1.811000,4.520843,-2.635746,3.172296
1.812000,4.520409,-2.635753,3.172077
1.813000,4.519973,-2.635759,3.171857
1.814000,4.519536,-2.635766,3.171636
1.815000,4.519096,-2.635773,3.171414
1.816000,4.518654,-2.635780,3.171191
1.817000,4.518210,-2.635787,3.170967
1.818000,4.517765,-2.635794,3.170743
1.819000,4.517317,-2.635800,3.170517
1.820000,4.516867,-2.635807,3.170290
1.821000,4.516416,-2.635814,3.170062
1.822000,4.515962,-2.635820,3.169834
1.823000,4.515507,-2.635827,3.169604
1.824000,4.515049,-2.635834,3.169373
1.825000,4.514590,-2.635840,3.169142
1.826000,4.514128,-2.635847,3.168909
1.827000,4.513665,-2.635854,3.168675
1.828000,4.513200,-2.635860,3.168441
1.829000,4.512733,-2.635867,3.168205
1.830000,4.512263,-2.635873,3.167969
1.831000,4.511792,-2.635879,3.167731
1.832000,4.511319,-2.635886,3.167493
1.833000,4.510844,-2.635892,3.167254
1.834000,4.510367,-2.635899,3.167013
1.835000,4.509887,-2.635905,3.166772
1.836000,4.509406,-2.635911,3.166529
1.837000,4.508923,-2.635917,3.166286
1.838000,4.508438,-2.635924,3.166042
1.839000,4.507951,-2.635930,3.165797
1.840000,4.507462,-2.635936,3.165550
1.841000,4.506971,-2.635942,3.165303
1.842000,4.506478,-2.635948,3.165055
1.843000,4.505983,-2.635954,3.164806
1.844000,4.505486,-2.635960,3.164556
1.845000,4.504987,-2.635966,3.164304
1.846000,4.504487,-2.635972,3.164052
1.847000,4.503984,-2.635978,3.163799
1.848000,4.503479,-2.635983,3.163545
1.849000,4.502972,-2.635989,3.163290
1.850000,4.502463,-2.635995,3.163034
1.851000,4.501952,-2.636000,3.162777
1.852000,4.501439,-2.636006,3.162519
1.853000,4.500924,-2.636012,3.162260
1.854000,4.500408,-2.636017,3.162000
1.855000,4.499889,-2.636023,3.161739
1.856000,4.499368,-2.636028,3.161477
1.857000,4.498845,-2.636033,3.161214
1.858000,4.498320,-2.636039,3.160950
1.859000,4.497793,-2.636044,3.160685
1.860000,4.497264,-2.636049,3.160420
1.861000,4.496734,-2.636054,3.160153
1.862000,4.496201,-2.636059,3.159885
1.863000,4.495666,-2.636064,3.159616
1.864000,4.495129,-2.636069,3.159346
1.865000,4.494590,-2.636074,3.159075
1.866000,4.494049,-2.636079,3.158804
1.867000,4.493506,-2.636084,3.158531
1.868000,4.492961,-2.636089,3.158257
1.869000,4.492414,-2.636093,3.157982
1.870000,4.491865,-2.636098,3.157707
1.871000,4.491314,-2.636103,3.157430
1.872000,4.490761,-2.636107,3.157152
1.873000,4.490206,-2.636112,3.156873
1.874000,4.489649,-2.636116,3.156594
1.875000,4.489090,-2.636120,3.156313
1.876000,4.488529,-2.636125,3.156031
1.877000,4.487966,-2.636129,3.155748
1.878000,4.487401,-2.636133,3.155465
1.879000,4.486833,-2.636137,3.155180
1.880000,4.486264,-2.636141,3.154894
1.881000,4.485693,-2.636145,3.154608
1.882000,4.485120,-2.636149,3.154320
1.883000,4.484544,-2.636152,3.154031
1.884000,4.483967,-2.636156,3.153742
1.885000,4.483388,-2.636160,3.153451
1.886000,4.482806,-2.636163,3.153159
1.887000,4.482223,-2.636167,3.152867
1.888000,4.481637,-2.636170,3.152573
1.889000,4.481050,-2.636173,3.152278
1.890000,4.480460,-2.636176,3.151983
1.891000,4.479868,-2.636180,3.151686
1.892000,4.479275,-2.636183,3.151388
1.893000,4.478679,-2.636186,3.151090
1.894000,4.478081,-2.636188,3.150790
1.895000,4.477481,-2.636191,3.150489
1.896000,4.476879,-2.636194,3.150188
1.897000,4.476275,-2.636197,3.149885
1.898000,4.475669,-2.636199,3.149581
1.899000,4.475061,-2.636202,3.149277
1.900000,4.474451,-2.636204,3.148971
1.901000,4.473839,-2.636206,3.148664
1.902000,4.473225,-2.636209,3.148357
1.903000,4.472608,-2.636211,3.148048
1.904000,4.471990,-2.636213,3.147738
1.905000,4.471369,-2.636215,3.147428
1.906000,4.470747,-2.636216,3.147116
1.907000,4.470122,-2.636218,3.146803
1.908000,4.469496,-2.636220,3.146489
1.909000,4.468867,-2.636221,3.146175
1.910000,4.468236,-2.636223,3.145859
1.911000,4.467603,-2.636224,3.145542
1.912000,4.466968,-2.636225,3.145224
1.913000,4.466331,-2.636226,3.144905
1.914000,4.465692,-2.636228,3.144586
1.915000,4.465051,-2.636228,3.144265
1.916000,4.464408,-2.636229,3.143943
1.917000,4.463762,-2.636230,3.143620
1.918000,4.463115,-2.636231,3.143296
1.919000,4.462466,-2.636231,3.142971
1.920000,4.461814,-2.636232,3.142645
1.921000,4.461160,-2.636232,3.142318
1.922000,4.460504,-2.636232,3.141991
1.923000,4.459847,-2.636232,3.141662
1.924000,4.459187,-2.636232,3.141332
1.925000,4.458525,-2.636232,3.141001
1.926000,4.457860,-2.636232,3.140669
1.927000,4.457194,-2.636231,3.140336
1.928000,4.456526,-2.636231,3.140001
1.929000,4.455855,-2.636230,3.139666
1.930000,4.455183,-2.636230,3.139330
1.931000,4.454508,-2.636229,3.138993
1.932000,4.453831,-2.636228,3.138655
1.933000,4.453152,-2.636227,3.138316
1.934000,4.452471,-2.636225,3.137976
1.935000,4.451788,-2.636224,3.137634
1.936000,4.451103,-2.636223,3.137292
1.937000,4.450416,-2.636221,3.136949
1.938000,4.449726,-2.636219,3.136605
1.939000,4.449035,-2.636217,3.136259
1.940000,4.448341,-2.636215,3.135913
1.941000,4.447645,-2.636213,3.135565
1.942000,4.446947,-2.636211,3.135217
1.943000,4.446247,-2.636209,3.134868
1.944000,4.445545,-2.636206,3.134517
1.945000,4.444841,-2.636204,3.134166
1.946000,4.444134,-2.636201,3.133813
1.947000,4.443426,-2.636198,3.133459
1.948000,4.442715,-2.636195,3.133105
1.949000,4.442002,-2.636192,3.132749
1.950000,4.441287,-2.636188,3.132392
1.951000,4.440570,-2.636185,3.132035
1.952000,4.439851,-2.636181,3.131676
1.953000,4.439130,-2.636178,3.131316
1.954000,4.438406,-2.636174,3.130955
1.955000,4.437680,-2.636170,3.130593
1.956000,4.436953,-2.636165,3.130230
1.957000,4.436223,-2.636161,3.129867
1.958000,4.435490,-2.636157,3.129502
1.959000,4.434756,-2.636152,3.129135
1.960000,4.434020,-2.636147,3.128768
1.961000,4.433281,-2.636142,3.128400
1.962000,4.432541,-2.636137,3.128031
1.963000,4.431798,-2.636132,3.127661
1.964000,4.431053,-2.636127,3.127290
1.965000,4.430306,-2.636121,3.126917
1.966000,4.429556,-2.636115,3.126544
1.967000,4.428805,-2.636109,3.126169
1.968000,4.428051,-2.636103,3.125794
1.969000,4.427295,-2.636097,3.125418
1.970000,4.426537,-2.636091,3.125040
1.971000,4.425777,-2.636084,3.124661
1.972000,4.425015,-2.636077,3.124282
1.973000,4.424250,-2.636071,3.123901
1.974000,4.423483,-2.636063,3.123519
1.975000,4.422715,-2.636056,3.123136
1.976000,4.421944,-2.636049,3.122753
1.977000,4.421170,-2.636041,3.122368
1.978000,4.420395,-2.636034,3.121982
1.979000,4.419617,-2.636026,3.121595
1.980000,4.418838,-2.636018,3.121206
1.981000,4.418056,-2.636009,3.120817
1.982000,4.417271,-2.636001,3.120427
1.983000,4.416485,-2.635992,3.120036
1.984000,4.415697,-2.635983,3.119643
1.985000,4.414906,-2.635974,3.119250
1.986000,4.414113,-2.635965,3.118856
1.987000,4.413318,-2.635956,3.118460
1.988000,4.412520,-2.635946,3.118063
1.989000,4.411721,-2.635937,3.117666
1.990000,4.410919,-2.635927,3.117267
1.991000,4.410115,-2.635917,3.116867
1.992000,4.409309,-2.635906,3.116466
1.993000,4.408501,-2.635896,3.116065
1.994000,4.407690,-2.635885,3.115662
1.995000,4.406878,-2.635874,3.115257
1.996000,4.406063,-2.635863,3.114852
1.997000,4.405245,-2.635852,3.114446
1.998000,4.404426,-2.635840,3.114039
1.999000,4.403604,-2.635829,3.113630
2.000000,4.402781,-2.635817,3.113221
2.001000,4.401954,-2.635805,3.112811
